food_name,timestamp,amount
rice,2024-09-01 09:21:49,320.93
vegetable,2024-09-27 11:12:05,223.62
banana,2024-09-13 19:33:32,66.76
rice,2024-09-09 13:17:48,82.26
chicken,2024-09-30 13:20:07,328.56
chicken,2024-09-07 12:36:34,481.24
chicken,2024-09-15 00:54:51,237.83
vegetable,2024-09-17 15:25:31,270.11
banana,2024-09-02 10:22:00,159.45
vegetable,2024-09-18 04:29:38,433.52
banana,2024-09-18 01:33:00,381.9
vegetable,2024-09-12 19:24:39,398.51
banana,2024-09-05 04:07:11,146.64
rice,2024-09-15 13:35:41,482.49
chicken,2024-09-17 01:00:43,362.48
vegetable,2024-09-28 02:44:28,301.52
vegetable,2024-09-26 13:23:58,222.69
vegetable,2024-09-10 05:22:51,280.24
banana,2024-09-22 21:30:10,493.07
banana,2024-09-04 06:38:57,101.89
banana,2024-09-08 04:03:52,273.55
chicken,2024-09-05 20:47:47,137.39
vegetable,2024-09-06 17:34:37,203.04
rice,2024-09-18 06:31:52,168.68
rice,2024-09-18 13:57:58,379.35
rice,2024-09-14 15:11:11,438.92
fish,2024-09-01 00:20:52,231.28
fish,2024-09-26 01:30:05,391.6
vegetable,2024-09-21 13:11:30,174.01
vegetable,2024-09-18 03:42:48,371.26
chicken,2024-09-08 15:30:42,443.18
vegetable,2024-09-14 16:08:45,94.78
banana,2024-09-30 23:58:59,440.76
vegetable,2024-09-26 14:02:49,381.71
chicken,2024-09-10 09:12:56,432.45
rice,2024-09-10 04:45:51,389.23
banana,2024-09-18 16:42:51,351.38
rice,2024-09-14 12:57:27,435.98
banana,2024-09-11 08:04:51,422.01
banana,2024-09-30 12:51:51,207.16
fish,2024-09-29 19:23:15,342.78
banana,2024-09-20 17:12:11,159.65
chicken,2024-09-10 17:49:12,372.68
fish,2024-09-26 18:21:34,111.08
rice,2024-09-13 04:56:01,300.16
vegetable,2024-09-04 04:55:55,190.67
chicken,2024-09-13 17:22:56,228.74
rice,2024-09-11 22:40:42,266.47
fish,2024-09-08 12:51:03,113.5
chicken,2024-09-01 09:23:14,246.78
fish,2024-09-02 08:06:26,222.6
banana,2024-09-21 18:36:05,292.92
vegetable,2024-09-05 05:34:23,472.29
fish,2024-09-26 14:50:52,496.78
vegetable,2024-09-01 10:17:10,75.81
banana,2024-09-11 14:19:18,307.81
rice,2024-09-10 21:44:56,245.8
chicken,2024-09-08 09:56:55,135.31
fish,2024-09-01 03:22:22,212.26
rice,2024-09-27 21:48:06,233.16
chicken,2024-09-04 01:55:43,160.08
fish,2024-09-14 13:42:07,270.86
chicken,2024-09-22 22:12:34,499.63
banana,2024-09-24 22:37:18,218.61
vegetable,2024-09-14 05:38:59,55.69
rice,2024-09-24 08:27:05,439.85
fish,2024-09-04 05:09:07,181.99
chicken,2024-09-23 01:21:18,469.18
vegetable,2024-09-16 13:56:38,382.61
fish,2024-09-17 04:44:10,162.68
rice,2024-09-07 12:13:27,449.01
chicken,2024-09-11 16:00:28,159.77
rice,2024-09-27 12:39:31,278.14
fish,2024-09-18 15:48:22,428.5
fish,2024-09-08 21:47:07,417.48
banana,2024-09-23 23:55:30,278.73
banana,2024-09-19 04:46:33,428.79
vegetable,2024-09-07 04:35:43,72.95
fish,2024-09-07 11:53:18,192.1
rice,2024-09-23 14:13:35,60.18
vegetable,2024-09-28 03:06:15,270.82
chicken,2024-09-04 00:37:06,111.44
rice,2024-09-09 23:15:20,193.71
rice,2024-09-23 08:51:57,407.17
chicken,2024-09-27 15:51:50,108.9
vegetable,2024-09-08 21:45:40,61.62
vegetable,2024-09-30 17:21:12,442.43
banana,2024-09-20 06:54:09,113.97
vegetable,2024-09-21 14:51:27,114.79
rice,2024-09-05 07:40:40,377.83
fish,2024-09-01 14:49:27,434.21
rice,2024-09-06 13:58:10,67.45
chicken,2024-09-16 15:34:46,193.25
vegetable,2024-09-29 17:33:55,168.49
rice,2024-09-24 10:16:56,145.94
vegetable,2024-09-05 05:56:36,443.59
vegetable,2024-09-17 21:36:29,184.49
vegetable,2024-09-17 05:03:04,313.43
fish,2024-09-20 17:24:29,404.2
chicken,2024-09-01 20:45:58,243.02
rice,2024-09-02 23:45:10,392.35
banana,2024-09-10 22:25:39,181.5
fish,2024-09-06 01:08:15,274.16
vegetable,2024-09-03 22:31:18,368.88
fish,2024-09-18 11:18:57,132.98
rice,2024-09-03 07:13:51,151.53
rice,2024-09-02 19:42:19,358.25
fish,2024-09-16 15:12:28,397.61
fish,2024-09-04 13:44:06,300.31
fish,2024-09-03 08:16:56,63.09
rice,2024-09-28 08:23:45,333.85
fish,2024-09-25 08:11:30,245.63
fish,2024-09-25 00:20:08,186.29
rice,2024-09-30 19:03:39,477.19
chicken,2024-09-12 07:39:48,171.49
rice,2024-09-27 23:49:19,409.49
vegetable,2024-09-10 12:12:47,378.73
banana,2024-09-01 17:07:21,311.35
rice,2024-09-24 17:00:21,271.54
vegetable,2024-09-14 19:55:34,477.23
fish,2024-09-25 13:22:49,258.35
banana,2024-09-24 11:43:32,496.49
banana,2024-09-05 13:01:35,365.45
chicken,2024-09-15 06:24:26,90.11
rice,2024-09-15 13:25:10,296.27
banana,2024-09-03 04:30:22,302.34
fish,2024-09-03 20:05:05,312.36
chicken,2024-09-22 13:32:10,155.36
vegetable,2024-09-24 19:39:13,342.86
fish,2024-09-13 13:12:24,480.49
fish,2024-09-21 02:41:05,488.72
vegetable,2024-09-18 04:27:58,334.21
banana,2024-09-28 22:39:19,209.27
vegetable,2024-09-28 09:26:24,299.6
vegetable,2024-09-10 16:24:50,172.42
chicken,2024-09-27 06:59:59,302.6
chicken,2024-09-01 02:13:43,217.11
chicken,2024-09-08 10:23:53,437.9
banana,2024-09-17 03:52:12,401.71
chicken,2024-09-10 18:50:07,221.12
fish,2024-09-11 12:19:35,449.04
rice,2024-09-06 15:22:14,418.2
rice,2024-09-23 14:33:31,338.44
banana,2024-09-18 05:44:26,386.05
rice,2024-09-24 02:45:30,85.55
vegetable,2024-09-25 04:18:18,301.95
vegetable,2024-09-24 06:00:23,231.53
fish,2024-09-05 01:12:23,268.44
rice,2024-09-18 04:04:54,119.56
chicken,2024-09-15 01:55:06,231.32
vegetable,2024-09-20 09:06:42,177.47
banana,2024-09-22 19:52:13,327.8
banana,2024-09-05 23:38:24,191.29
rice,2024-09-14 12:34:26,303.27
fish,2024-09-13 01:57:50,285.8
rice,2024-09-30 06:56:31,90.67
chicken,2024-09-29 05:52:13,69.96
fish,2024-09-07 00:16:32,60.92
fish,2024-09-17 13:45:05,239.51
rice,2024-09-11 22:56:58,406.69
chicken,2024-09-26 23:27:24,402.27
vegetable,2024-09-12 00:32:59,495.25
chicken,2024-09-07 17:41:28,448.45
vegetable,2024-09-19 20:52:21,107.66
vegetable,2024-09-25 02:49:14,74.57
fish,2024-09-14 14:17:34,356.71
chicken,2024-09-25 00:34:38,377.12
rice,2024-09-13 10:32:36,301.35
vegetable,2024-09-28 23:13:36,167.43
banana,2024-09-11 17:01:24,163.01
fish,2024-09-25 14:38:12,246.4
vegetable,2024-09-16 03:22:45,366.61
banana,2024-09-10 09:23:22,397.14
chicken,2024-09-13 21:44:09,196.14
fish,2024-09-12 22:43:36,226.85
rice,2024-09-21 10:30:06,314.28
vegetable,2024-09-29 01:18:59,301.93
vegetable,2024-09-01 19:54:03,301.66
fish,2024-09-27 12:21:33,366.52
vegetable,2024-09-18 09:23:46,372.34
banana,2024-09-20 08:14:38,311.42
banana,2024-09-06 14:55:00,159.47
vegetable,2024-09-11 14:15:39,422.89
rice,2024-09-03 19:42:03,415.92
fish,2024-09-23 01:45:45,491.88
rice,2024-09-09 23:24:37,407.7
vegetable,2024-09-28 19:44:50,343.43
banana,2024-09-12 13:18:53,310.42
banana,2024-09-22 08:43:24,132.92
chicken,2024-09-08 19:28:25,169.97
fish,2024-09-11 21:06:07,125.27
banana,2024-09-13 01:09:19,75.84
fish,2024-09-15 11:14:21,446.36
chicken,2024-09-08 20:10:17,416.43
fish,2024-09-24 01:59:20,118.35
banana,2024-09-13 02:25:04,310.8
fish,2024-09-27 16:54:28,168.77
fish,2024-09-07 18:50:58,495.48
banana,2024-09-22 04:24:24,233.49
vegetable,2024-09-10 17:24:54,249.81
fish,2024-09-04 23:32:54,351.44
rice,2024-09-25 05:25:15,122.27
fish,2024-09-09 23:21:38,229.83
fish,2024-09-30 18:05:59,238.1
vegetable,2024-09-28 15:06:08,475.12
rice,2024-09-30 18:53:00,373.25
banana,2024-09-30 04:07:16,372.74
fish,2024-09-05 17:10:19,327.66
vegetable,2024-09-25 20:10:50,376.07
fish,2024-09-23 11:17:44,95.38
banana,2024-09-26 00:13:11,154.5
rice,2024-09-05 02:49:33,179.91
fish,2024-09-29 10:41:40,481.02
vegetable,2024-09-30 00:35:31,215.32
rice,2024-09-26 17:05:18,59.5
banana,2024-09-06 19:48:07,383.65
fish,2024-09-02 14:04:35,485.77
banana,2024-09-18 04:03:22,371.24
chicken,2024-09-04 14:57:15,422.74
vegetable,2024-09-05 20:22:03,122.3
vegetable,2024-09-24 13:20:13,267.97
banana,2024-09-18 03:51:43,104.11
vegetable,2024-09-11 22:25:44,170.07
rice,2024-09-06 08:18:26,432.35
rice,2024-09-28 18:25:21,257.18
vegetable,2024-09-18 05:22:13,341.77
rice,2024-09-19 04:22:25,242.9
fish,2024-09-01 03:50:19,78.52
vegetable,2024-09-20 02:12:22,125.4
chicken,2024-09-09 04:08:21,338.73
rice,2024-09-15 20:09:16,148.85
banana,2024-09-06 04:25:55,183.76
vegetable,2024-09-21 19:02:32,371.42
banana,2024-09-04 12:10:11,393.48
vegetable,2024-09-17 03:08:32,351.23
chicken,2024-09-18 04:43:25,98.06
banana,2024-09-15 03:27:14,133.57
fish,2024-09-26 08:54:39,459.31
fish,2024-09-23 23:32:08,166.27
rice,2024-09-29 13:37:46,224.15
chicken,2024-09-15 12:43:27,359.76
banana,2024-09-03 02:17:26,282.16
banana,2024-09-27 16:17:11,444.48
rice,2024-09-10 20:54:08,399.54
banana,2024-09-08 06:13:29,311.6
chicken,2024-09-17 09:52:17,424.92
rice,2024-09-06 18:28:12,132.19
fish,2024-09-18 01:06:07,158.39
fish,2024-09-07 15:49:20,325.17
vegetable,2024-09-19 15:56:13,334.88
banana,2024-09-26 18:55:25,420.69
rice,2024-09-14 20:16:00,183.84
rice,2024-09-12 17:34:36,373.3
rice,2024-09-08 07:55:16,181.51
fish,2024-09-10 10:33:17,182.54
banana,2024-09-20 15:21:58,151.35
rice,2024-09-04 01:02:28,170.9
rice,2024-09-19 03:36:47,279.9
rice,2024-09-08 12:38:16,118.04
fish,2024-09-09 13:39:56,62.56
banana,2024-09-23 07:22:50,361.82
rice,2024-09-22 22:53:03,335.44
vegetable,2024-09-26 19:36:50,88.5
rice,2024-09-28 22:30:29,394.68
chicken,2024-09-25 15:28:24,129.01
banana,2024-09-02 03:25:21,111.61
vegetable,2024-09-15 09:45:15,363.12
fish,2024-09-04 08:57:51,218.18
banana,2024-09-15 12:16:38,365.63
vegetable,2024-09-14 19:10:34,98.59
rice,2024-09-01 10:26:06,201.69
chicken,2024-09-11 00:12:26,451.09
vegetable,2024-09-22 19:52:30,475.49
chicken,2024-09-02 10:13:39,492.48
vegetable,2024-09-18 18:47:46,367.65
fish,2024-09-21 17:26:36,388.58
banana,2024-09-01 04:43:05,490.14
chicken,2024-09-03 15:25:56,420.72
fish,2024-09-13 16:46:59,230.18
chicken,2024-09-09 10:51:45,145.95
banana,2024-09-18 23:05:48,216.82
rice,2024-09-04 22:09:29,367.5
vegetable,2024-09-30 02:55:44,143.94
chicken,2024-09-04 13:33:01,416.15
vegetable,2024-09-08 09:52:07,62.15
chicken,2024-09-02 11:37:47,411.92
vegetable,2024-09-27 02:30:57,462.72
banana,2024-09-12 05:59:33,249.63
fish,2024-09-29 16:11:25,371.44
vegetable,2024-09-01 14:49:41,495.27
rice,2024-09-28 06:16:03,411.27
vegetable,2024-09-06 20:44:22,170.79
rice,2024-09-24 04:57:53,90.74
chicken,2024-09-27 09:54:48,389.29
chicken,2024-09-19 23:20:09,276.34
rice,2024-09-30 05:40:49,465.53
fish,2024-09-11 11:16:36,490.98
rice,2024-09-01 20:00:39,169.26
vegetable,2024-09-01 18:06:39,341.69
rice,2024-09-06 13:03:23,246.61
vegetable,2024-09-30 00:18:53,168.71
banana,2024-09-18 18:25:48,201.48
chicken,2024-09-23 15:26:59,266.57
chicken,2024-09-20 11:25:58,435.85
banana,2024-09-01 20:57:33,197.26
vegetable,2024-09-05 22:04:15,411.14
vegetable,2024-09-28 13:49:24,373.93
rice,2024-09-30 13:04:13,231.25
vegetable,2024-09-08 23:41:21,153.99
rice,2024-09-15 20:47:12,258.81
rice,2024-09-02 06:06:16,355.87
fish,2024-09-20 00:47:47,86.01
vegetable,2024-09-29 08:34:06,321.28
rice,2024-09-01 01:43:18,207.31
chicken,2024-09-28 16:19:23,364.05
vegetable,2024-09-02 04:30:59,415.7
fish,2024-09-10 19:38:05,143.32
chicken,2024-09-30 23:08:10,440.04
banana,2024-09-10 19:55:30,434.43
vegetable,2024-09-07 22:33:52,474.79
rice,2024-09-02 06:28:41,71.58
banana,2024-09-08 21:33:44,175.5
banana,2024-09-04 00:14:17,146.64
fish,2024-09-17 18:07:03,123.74
chicken,2024-09-29 23:21:14,465.97
fish,2024-09-26 14:18:35,386.21
rice,2024-09-01 23:15:45,147.13
fish,2024-09-03 04:43:33,385.13
rice,2024-09-30 22:24:42,463.9
chicken,2024-09-17 08:16:37,91.4
banana,2024-09-30 19:06:46,182.05
rice,2024-09-27 12:34:32,220.32
vegetable,2024-09-10 08:03:54,96.68
vegetable,2024-09-05 21:41:31,452.14
vegetable,2024-09-15 04:01:50,482.72
fish,2024-09-29 08:04:48,455.09
vegetable,2024-09-07 08:41:04,456.57
chicken,2024-09-10 02:32:43,159.81
chicken,2024-09-14 00:32:49,134.96
vegetable,2024-09-19 21:52:31,186.89
fish,2024-09-23 07:39:52,53.31
banana,2024-09-17 11:16:54,332.94
chicken,2024-09-26 09:30:59,329.2
rice,2024-09-13 14:41:54,291.65
rice,2024-09-20 15:24:46,66.09
rice,2024-09-12 00:15:08,130.86
rice,2024-09-02 23:02:26,185.41
fish,2024-09-19 23:35:40,393.51
vegetable,2024-09-27 14:48:48,134.95
rice,2024-09-04 03:33:44,100.04
fish,2024-09-16 11:47:21,51.79
banana,2024-09-11 20:26:59,207.6
fish,2024-09-04 10:10:28,192.08
fish,2024-09-23 13:28:56,223.34
chicken,2024-09-17 00:50:40,424.05
fish,2024-09-22 10:04:27,349.55
fish,2024-09-10 03:23:49,59.83
fish,2024-09-09 12:55:43,144.92
vegetable,2024-09-04 03:42:45,338.64
banana,2024-09-19 16:05:23,85.44
chicken,2024-09-05 21:13:11,220.73
rice,2024-09-10 13:46:15,159.81
chicken,2024-09-07 03:25:42,81.86
vegetable,2024-09-14 06:03:00,221.84
rice,2024-09-15 15:33:39,319.02
chicken,2024-09-13 00:25:26,63.5
fish,2024-09-06 13:50:31,414.7
chicken,2024-09-01 11:02:19,434.06
vegetable,2024-09-24 06:36:46,484.21
chicken,2024-09-27 16:56:15,438.81
rice,2024-09-23 12:15:21,201.12
vegetable,2024-09-20 06:48:04,262.3
rice,2024-09-24 08:44:56,431.3
fish,2024-09-11 18:51:30,490.51
banana,2024-09-24 06:07:35,418.46
fish,2024-09-19 22:00:31,389.87
rice,2024-09-21 23:24:08,458.78
fish,2024-09-11 08:57:47,363.72
banana,2024-09-25 02:38:59,138.78
vegetable,2024-09-17 11:38:16,493.82
banana,2024-09-03 01:46:36,472.63
chicken,2024-09-01 02:12:17,143.77
banana,2024-09-07 11:19:20,202.2
rice,2024-09-22 02:08:06,220.39
fish,2024-09-11 16:25:32,194.91
banana,2024-09-25 17:35:45,459.62
chicken,2024-09-23 04:25:06,387.78
fish,2024-09-10 20:46:50,437.45
rice,2024-09-05 10:58:10,109.42
rice,2024-09-02 15:32:26,157.43
vegetable,2024-09-09 18:38:30,304.84
vegetable,2024-09-28 20:57:32,474.62
fish,2024-09-25 09:10:53,61.69
fish,2024-09-01 11:08:34,433.77
fish,2024-09-05 18:39:38,365.28
chicken,2024-09-20 17:38:25,361.25
chicken,2024-09-22 02:34:19,136.81
chicken,2024-09-09 06:29:59,459.27
vegetable,2024-09-24 06:55:22,267.02
chicken,2024-09-30 04:21:27,418.48
chicken,2024-09-13 23:27:43,194.04
banana,2024-09-27 19:46:02,100.52
banana,2024-09-07 22:39:07,309.52
vegetable,2024-09-17 23:28:59,401.77
rice,2024-09-22 12:45:38,236.86
vegetable,2024-09-02 08:16:45,347.7
rice,2024-09-08 05:26:47,210.03
vegetable,2024-09-17 17:27:25,145.05
chicken,2024-09-20 22:56:57,120.46
chicken,2024-09-20 13:06:48,132.15
banana,2024-09-24 19:02:04,274.1
chicken,2024-09-04 13:10:56,177.01
chicken,2024-09-07 02:54:11,461.65
banana,2024-09-27 19:23:13,361.34
banana,2024-09-16 03:03:04,361.73
vegetable,2024-09-02 20:05:09,90.49
rice,2024-09-29 23:15:06,269.52
banana,2024-09-04 21:57:55,277.45
chicken,2024-09-18 03:47:24,181.55
chicken,2024-09-28 01:03:53,257.79
rice,2024-09-07 00:23:59,244.97
chicken,2024-09-30 21:08:36,266.58
chicken,2024-09-06 21:34:20,325.37
vegetable,2024-09-07 08:27:39,104.51
rice,2024-09-06 15:25:46,225.84
banana,2024-09-03 16:56:41,355.11
rice,2024-09-28 14:07:53,74.95
vegetable,2024-09-11 02:49:40,244.3
rice,2024-09-27 05:18:09,447.48
rice,2024-09-26 07:02:03,235.97
chicken,2024-09-03 08:25:47,166.06
rice,2024-09-30 15:14:15,170.21
banana,2024-09-23 10:47:53,198.15
rice,2024-09-22 23:27:22,397.32
banana,2024-09-27 11:53:21,211.79
rice,2024-09-20 21:42:42,247.52
rice,2024-09-11 23:00:26,437.4
chicken,2024-09-30 05:31:12,159.86
chicken,2024-09-24 15:16:12,468.59
fish,2024-09-11 03:58:28,166.82
fish,2024-09-12 19:34:16,278.02
banana,2024-09-17 01:37:10,182.68
fish,2024-09-16 21:16:55,65.74
fish,2024-09-30 05:23:25,161.24
chicken,2024-09-05 00:25:23,132.08
rice,2024-09-14 07:51:59,146.81
chicken,2024-09-03 09:02:19,325.6
rice,2024-09-03 14:24:55,433.26
banana,2024-09-15 10:56:51,140.97
chicken,2024-09-14 03:17:48,307.69
rice,2024-09-03 05:00:34,125.82
banana,2024-09-01 04:40:16,488.52
rice,2024-09-27 22:44:04,160.79
chicken,2024-09-05 15:11:48,66.96
chicken,2024-09-03 21:36:29,160.45
fish,2024-09-29 07:47:58,279.59
vegetable,2024-09-05 07:35:42,99.12
chicken,2024-09-18 17:49:12,177.31
banana,2024-09-26 04:31:03,273.74
chicken,2024-09-12 20:43:38,74.38
banana,2024-09-06 01:35:08,74.88
fish,2024-09-17 03:42:41,294.54
banana,2024-09-17 03:55:34,417.15
fish,2024-09-08 01:21:53,114.93
chicken,2024-09-19 07:30:20,193.99
banana,2024-09-24 16:14:24,451.4
chicken,2024-09-06 04:32:40,352.73
fish,2024-09-26 22:05:22,237.86
banana,2024-09-26 02:03:37,154.18
fish,2024-09-29 16:07:22,75.54
chicken,2024-09-23 08:21:06,493.89
fish,2024-09-16 04:37:43,444.63
chicken,2024-09-19 09:51:27,311.54
fish,2024-09-15 20:34:44,116.01
rice,2024-09-11 08:59:27,298.59
vegetable,2024-09-03 15:41:02,259.05
rice,2024-09-22 11:24:54,359.23
banana,2024-09-14 19:27:46,318.95
banana,2024-09-19 05:05:51,208.11
chicken,2024-09-17 08:10:58,79.72
rice,2024-09-28 06:40:58,459.61
chicken,2024-09-14 08:46:32,60.28
fish,2024-09-09 21:17:49,145.77
banana,2024-09-05 00:38:21,306.12
vegetable,2024-09-17 12:13:43,453.05
rice,2024-09-23 20:22:36,477.53
chicken,2024-09-17 20:48:26,96.54
rice,2024-09-10 17:06:55,334.84
vegetable,2024-09-13 07:49:17,190.4
vegetable,2024-09-18 10:16:17,327.23
fish,2024-09-07 00:56:29,183.46
vegetable,2024-09-18 18:55:58,298.72
banana,2024-09-05 07:45:07,356.22
rice,2024-09-19 18:12:04,264.87
banana,2024-09-21 14:44:24,224.65
fish,2024-09-12 21:29:33,404.86
vegetable,2024-09-24 05:16:10,323.47
banana,2024-09-05 14:48:09,451.59
chicken,2024-09-20 19:33:54,70.1
banana,2024-09-06 00:14:14,289.08
banana,2024-09-11 11:32:12,135.53
fish,2024-09-19 06:14:18,59.55
vegetable,2024-09-29 21:18:27,161.46
banana,2024-09-29 14:39:42,99.39
banana,2024-09-15 08:58:51,352.25
rice,2024-09-11 11:44:57,404.46
vegetable,2024-09-11 17:53:47,451.01
rice,2024-09-18 14:24:50,316.74
fish,2024-09-08 08:46:05,186.26
rice,2024-09-10 07:18:38,152.08
chicken,2024-09-29 10:50:01,485.99
vegetable,2024-09-10 17:48:09,132.7
vegetable,2024-09-05 23:53:12,112.62
fish,2024-09-16 19:53:55,319.42
banana,2024-09-04 04:16:25,212.7
vegetable,2024-09-17 03:09:06,284.48
banana,2024-09-28 04:17:46,80.28
fish,2024-09-10 19:47:05,499.46
banana,2024-09-13 07:41:36,96.11
fish,2024-09-25 09:46:56,272.94
fish,2024-09-21 19:12:27,132.03
rice,2024-09-25 09:29:13,384.47
chicken,2024-09-01 13:39:42,71.35
fish,2024-09-17 21:32:42,132.45
chicken,2024-09-19 23:02:29,477.85
chicken,2024-09-19 20:40:20,302.16
fish,2024-09-29 14:26:11,279.08
chicken,2024-09-19 17:08:28,338.36
fish,2024-09-20 09:21:39,94.7
vegetable,2024-09-17 08:51:41,109.73
banana,2024-09-10 19:09:14,92.92
chicken,2024-09-26 15:39:20,98.22
vegetable,2024-09-04 02:04:13,257.84
chicken,2024-09-27 17:01:27,441.02
banana,2024-09-12 05:24:02,139.51
vegetable,2024-09-28 10:39:32,56.59
vegetable,2024-09-14 09:58:05,217.83
vegetable,2024-09-20 13:19:10,373.32
chicken,2024-09-24 12:39:01,419.87
rice,2024-09-24 07:51:32,410.0
vegetable,2024-09-25 11:28:08,119.27
rice,2024-09-08 06:46:25,117.4
fish,2024-09-14 14:34:38,340.69
fish,2024-09-14 02:30:17,309.71
vegetable,2024-09-20 05:19:21,99.41
chicken,2024-09-29 23:39:17,113.72
chicken,2024-09-08 01:18:14,153.52
chicken,2024-09-23 03:23:49,192.38
fish,2024-09-15 15:03:32,460.31
rice,2024-09-02 20:06:09,433.15
rice,2024-09-20 21:30:14,82.85
rice,2024-09-05 03:20:04,249.08
chicken,2024-09-27 20:24:22,341.46
rice,2024-09-11 19:56:45,457.07
banana,2024-09-09 09:54:09,288.82
fish,2024-09-08 11:23:21,147.79
banana,2024-09-22 00:19:51,109.68
chicken,2024-09-21 05:35:47,292.53
rice,2024-09-30 21:52:47,469.97
banana,2024-09-07 06:17:02,74.53
rice,2024-09-06 11:36:16,106.89
fish,2024-09-26 22:31:55,224.31
chicken,2024-09-16 09:36:15,256.11
vegetable,2024-09-28 09:36:44,332.44
rice,2024-09-30 06:20:22,125.53
banana,2024-09-30 04:55:13,263.0
banana,2024-09-28 12:33:39,148.02
chicken,2024-09-20 03:57:15,426.42
fish,2024-09-23 10:23:22,118.98
vegetable,2024-09-17 12:10:31,225.84
banana,2024-09-13 02:11:17,117.37
chicken,2024-09-08 21:55:38,253.04
banana,2024-09-26 11:40:40,124.84
fish,2024-09-25 12:35:09,281.02
banana,2024-09-04 08:09:00,422.6
chicken,2024-09-11 03:26:33,207.4
vegetable,2024-09-08 08:25:38,279.44
rice,2024-09-27 21:31:14,126.54
rice,2024-09-15 09:02:18,203.85
fish,2024-09-13 06:27:53,468.63
vegetable,2024-09-28 04:11:04,351.91
fish,2024-09-24 10:20:10,432.5
vegetable,2024-09-07 13:09:17,482.88
chicken,2024-09-29 12:24:28,324.43
banana,2024-09-10 04:18:45,282.63
fish,2024-09-11 10:30:56,118.24
banana,2024-09-02 06:58:16,432.1
banana,2024-09-09 02:37:22,248.04
chicken,2024-09-07 06:38:33,403.72
vegetable,2024-09-28 20:00:13,223.56
chicken,2024-09-14 14:59:35,277.16
banana,2024-09-22 09:03:31,429.75
rice,2024-09-10 10:32:09,397.63
chicken,2024-09-02 02:53:10,110.4
fish,2024-09-04 22:10:27,206.32
banana,2024-09-23 01:20:22,327.48
chicken,2024-09-05 00:15:42,257.68
vegetable,2024-09-17 21:09:41,227.56
vegetable,2024-09-30 08:42:50,405.14
chicken,2024-09-23 11:25:49,286.66
vegetable,2024-09-15 15:04:53,187.51
rice,2024-09-07 10:57:34,297.03
banana,2024-09-03 23:00:23,254.23
fish,2024-09-02 05:53:40,60.44
chicken,2024-09-18 23:13:21,209.57
rice,2024-09-04 03:38:18,390.2
rice,2024-09-22 22:29:55,301.17
banana,2024-09-05 17:27:33,400.63
banana,2024-09-21 06:32:01,330.02
fish,2024-09-10 14:47:00,239.91
rice,2024-09-11 06:29:26,264.68
banana,2024-09-08 17:10:08,130.13
rice,2024-09-06 11:28:49,134.63
chicken,2024-09-23 09:05:44,200.86
banana,2024-09-09 05:02:02,281.8
fish,2024-09-02 06:39:22,244.81
chicken,2024-09-08 13:07:26,187.65
banana,2024-09-02 05:27:10,171.44
fish,2024-09-08 06:54:51,154.03
rice,2024-09-25 05:56:30,192.13
banana,2024-09-25 03:49:03,488.87
vegetable,2024-09-24 04:56:03,312.81
fish,2024-09-14 06:02:23,237.48
vegetable,2024-09-20 00:13:22,277.11
chicken,2024-09-09 21:08:31,259.67
rice,2024-09-01 22:58:02,173.04
vegetable,2024-09-28 11:14:07,54.78
rice,2024-09-20 01:36:35,205.71
chicken,2024-09-10 04:07:26,311.95
rice,2024-09-02 01:53:52,77.64
rice,2024-09-12 01:15:03,368.79
chicken,2024-09-18 20:14:19,301.57
rice,2024-09-25 10:51:32,422.67
banana,2024-09-11 07:51:55,258.65
banana,2024-09-09 22:41:37,385.13
fish,2024-09-03 13:13:40,359.78
fish,2024-09-01 15:03:00,55.45
banana,2024-09-22 23:49:42,490.88
fish,2024-09-22 22:33:40,86.7
banana,2024-09-11 02:22:08,213.37
rice,2024-09-30 02:15:10,218.41
banana,2024-09-04 07:49:40,213.07
banana,2024-09-12 06:02:22,298.64
banana,2024-09-03 15:02:38,95.58
rice,2024-09-19 20:17:50,191.33
vegetable,2024-09-23 08:14:18,342.74
vegetable,2024-09-10 15:08:40,235.58
rice,2024-09-17 02:05:04,254.77
rice,2024-09-20 15:47:13,302.78
rice,2024-09-03 19:19:35,354.37
vegetable,2024-09-14 00:18:56,230.83
banana,2024-09-13 01:06:55,187.64
banana,2024-09-02 18:43:57,404.97
chicken,2024-09-16 04:26:52,364.79
fish,2024-09-01 12:46:16,471.71
chicken,2024-09-30 12:23:53,274.37
chicken,2024-09-08 04:39:06,440.47
vegetable,2024-09-01 05:34:51,84.4
vegetable,2024-09-22 23:48:27,449.9
fish,2024-09-17 19:55:47,287.73
banana,2024-09-24 03:44:49,283.47
chicken,2024-09-05 08:16:42,356.19
rice,2024-09-06 03:37:50,431.61
chicken,2024-09-20 07:15:34,182.93
banana,2024-09-27 01:57:27,244.14
vegetable,2024-09-11 05:21:05,397.43
vegetable,2024-09-16 09:32:06,377.06
rice,2024-09-30 18:50:43,209.61
chicken,2024-09-19 18:17:14,350.44
vegetable,2024-09-18 16:55:42,288.94
vegetable,2024-09-16 18:02:10,411.38
vegetable,2024-09-07 19:53:48,356.39
chicken,2024-09-08 15:43:37,347.99
chicken,2024-09-30 10:05:18,56.67
vegetable,2024-09-07 11:59:44,466.28
rice,2024-09-09 20:16:43,490.87
rice,2024-09-16 17:45:59,122.92
rice,2024-09-20 14:57:19,483.3
vegetable,2024-09-21 19:14:27,366.79
vegetable,2024-09-10 22:13:22,259.29
fish,2024-09-11 22:55:40,267.93
rice,2024-09-04 13:31:08,324.42
fish,2024-09-04 23:57:07,212.07
banana,2024-09-02 17:12:19,267.37
banana,2024-09-18 06:39:00,426.89
chicken,2024-09-29 04:35:17,468.46
banana,2024-09-02 09:20:08,186.62
fish,2024-09-22 23:26:20,226.52
vegetable,2024-09-19 10:19:00,271.77
rice,2024-09-16 04:15:48,110.02
vegetable,2024-09-05 02:01:14,453.99
banana,2024-09-26 21:25:29,284.06
banana,2024-09-15 00:32:06,453.09
chicken,2024-09-13 07:57:28,186.13
banana,2024-09-05 12:33:01,391.88
rice,2024-09-01 08:24:03,472.89
vegetable,2024-09-01 04:51:39,252.94
rice,2024-09-01 09:02:46,153.75
chicken,2024-09-30 17:53:22,131.74
chicken,2024-09-26 13:56:35,447.17
banana,2024-09-21 01:03:54,350.7
vegetable,2024-09-15 01:36:16,493.1
rice,2024-09-14 21:04:52,322.4
vegetable,2024-09-22 01:13:25,333.44
banana,2024-09-25 19:12:51,355.93
rice,2024-09-09 00:57:11,384.49
rice,2024-09-02 02:51:27,210.59
fish,2024-09-07 05:53:55,100.34
fish,2024-09-05 05:50:41,209.32
vegetable,2024-09-01 13:24:26,418.61
banana,2024-09-29 17:56:37,120.01
rice,2024-09-05 14:54:39,316.1
vegetable,2024-09-03 06:18:40,404.67
fish,2024-09-05 12:43:13,69.39
banana,2024-09-28 05:20:56,214.73
banana,2024-09-24 20:30:16,482.21
vegetable,2024-09-04 23:27:56,235.11
rice,2024-09-20 15:13:07,327.97
fish,2024-09-07 10:24:53,411.51
fish,2024-09-04 23:02:07,253.17
banana,2024-09-13 18:42:11,157.68
banana,2024-09-28 06:08:51,449.09
rice,2024-09-14 01:51:56,357.59
chicken,2024-09-04 14:44:13,381.67
chicken,2024-09-24 03:17:22,160.93
vegetable,2024-09-22 12:48:58,77.18
rice,2024-09-28 03:32:00,269.03
fish,2024-09-09 09:55:40,124.0
chicken,2024-09-13 06:33:06,136.96
rice,2024-09-28 16:54:28,321.28
vegetable,2024-09-08 00:56:24,321.08
banana,2024-09-18 12:50:26,186.11
chicken,2024-09-06 00:25:48,165.54
rice,2024-09-08 00:32:24,426.04
rice,2024-09-01 06:19:56,74.05
fish,2024-09-27 15:00:20,458.34
fish,2024-09-21 02:21:35,485.92
chicken,2024-09-22 06:04:52,182.49
banana,2024-09-05 09:57:50,181.83
fish,2024-09-16 18:30:41,259.52
banana,2024-09-04 18:12:37,258.04
fish,2024-09-28 01:08:12,249.55
banana,2024-09-24 07:17:56,260.97
vegetable,2024-09-28 02:00:14,428.16
chicken,2024-09-19 09:59:48,371.35
chicken,2024-09-15 00:40:43,239.27
rice,2024-09-23 02:34:04,415.72
vegetable,2024-09-03 15:44:04,257.26
rice,2024-09-24 06:42:03,146.55
rice,2024-09-09 21:49:18,395.54
banana,2024-09-09 14:33:08,178.18
chicken,2024-09-02 01:12:00,247.48
chicken,2024-09-25 13:23:40,238.73
banana,2024-09-27 08:08:56,212.46
chicken,2024-09-21 16:27:35,309.01
vegetable,2024-09-08 05:52:31,420.44
rice,2024-09-19 06:33:32,460.63
vegetable,2024-09-28 07:06:27,380.7
chicken,2024-09-06 00:40:05,368.03
vegetable,2024-09-26 21:53:11,177.78
banana,2024-09-26 07:38:04,213.98
vegetable,2024-09-06 12:17:49,343.78
rice,2024-09-06 04:17:03,178.91
fish,2024-09-04 15:27:29,411.29
fish,2024-09-01 22:28:48,218.91
chicken,2024-09-18 18:11:02,57.54
fish,2024-09-18 01:57:23,108.34
chicken,2024-09-09 09:15:16,81.43
vegetable,2024-09-05 10:29:33,356.37
rice,2024-09-23 03:11:44,415.58
fish,2024-09-29 06:52:15,320.1
rice,2024-09-16 07:45:45,205.33
chicken,2024-09-05 13:14:56,197.86
banana,2024-09-07 12:20:11,245.63
rice,2024-09-20 14:48:45,399.74
chicken,2024-09-24 11:15:22,271.88
banana,2024-09-24 08:56:08,190.34
vegetable,2024-09-07 05:00:30,461.59
vegetable,2024-09-11 13:00:18,378.14
chicken,2024-09-08 07:02:12,52.99
banana,2024-09-05 05:58:11,130.23
vegetable,2024-09-27 14:46:06,451.07
chicken,2024-09-28 02:53:40,253.08
banana,2024-09-18 16:42:21,265.07
chicken,2024-09-01 12:23:03,481.89
rice,2024-09-13 12:56:33,277.49
banana,2024-09-15 01:56:55,205.85
vegetable,2024-09-27 04:23:45,424.55
banana,2024-09-16 15:55:27,187.68
vegetable,2024-09-30 19:29:59,282.83
fish,2024-09-05 22:26:19,473.2
vegetable,2024-09-25 19:33:03,265.26
fish,2024-09-24 11:20:25,103.29
fish,2024-09-17 11:29:14,297.67
chicken,2024-09-29 01:36:59,273.63
fish,2024-09-02 11:00:59,110.55
chicken,2024-09-16 06:50:00,404.22
fish,2024-09-15 10:29:10,196.19
rice,2024-09-06 08:43:09,153.74
fish,2024-09-28 04:49:27,151.2
rice,2024-09-20 09:49:57,266.24
fish,2024-09-23 17:17:45,112.65
chicken,2024-09-09 07:30:22,111.58
chicken,2024-09-19 12:01:11,429.78
chicken,2024-09-11 06:25:51,65.47
rice,2024-09-29 20:31:00,165.26
chicken,2024-09-29 08:01:46,194.67
vegetable,2024-09-23 22:08:41,188.95
banana,2024-09-28 14:33:18,266.65
chicken,2024-09-22 03:05:56,363.56
chicken,2024-09-11 00:34:40,362.54
rice,2024-09-28 01:27:03,437.58
chicken,2024-09-11 11:34:26,165.7
rice,2024-09-15 01:01:38,332.15
chicken,2024-09-10 08:37:47,325.36
rice,2024-09-15 09:36:17,263.93
chicken,2024-09-18 02:02:12,308.43
banana,2024-09-17 22:51:17,415.8
rice,2024-09-18 00:13:50,177.11
rice,2024-09-19 01:10:05,356.23
chicken,2024-09-07 10:56:42,258.45
chicken,2024-09-13 20:23:41,383.54
banana,2024-09-30 09:24:08,275.28
rice,2024-09-11 07:52:49,492.09
vegetable,2024-09-15 03:05:08,337.33
chicken,2024-09-25 20:16:05,404.98
chicken,2024-09-05 09:45:39,496.1
chicken,2024-09-09 02:44:13,381.75
chicken,2024-09-16 06:57:36,451.9
chicken,2024-09-26 10:00:15,463.48
banana,2024-09-26 00:10:30,265.82
chicken,2024-09-01 20:58:32,197.33
fish,2024-09-06 11:32:29,454.05
vegetable,2024-09-02 12:23:00,106.89
fish,2024-09-23 10:58:22,384.22
fish,2024-09-27 06:40:38,466.11
rice,2024-09-09 19:28:59,396.19
fish,2024-09-01 14:29:39,365.44
banana,2024-09-07 07:03:38,345.78
chicken,2024-09-19 12:58:06,306.6
banana,2024-09-06 12:00:07,478.14
chicken,2024-09-18 11:26:11,211.57
fish,2024-09-08 22:39:38,266.0
vegetable,2024-09-17 00:50:34,234.3
fish,2024-09-10 13:51:24,420.88
fish,2024-09-01 19:58:25,172.7
rice,2024-09-24 16:22:01,410.45
fish,2024-09-22 04:49:29,145.98
chicken,2024-09-20 03:45:18,474.87
banana,2024-09-10 08:00:15,194.53
vegetable,2024-09-29 21:12:45,462.46
vegetable,2024-09-08 08:10:23,205.78
rice,2024-09-20 23:08:57,298.85
banana,2024-09-28 06:12:25,212.54
fish,2024-09-20 18:40:45,450.57
chicken,2024-09-09 07:19:47,415.64
fish,2024-09-27 10:50:40,445.98
vegetable,2024-09-07 13:07:11,240.69
vegetable,2024-09-03 04:02:56,284.97
vegetable,2024-09-01 14:30:55,161.71
banana,2024-09-15 22:23:28,216.62
rice,2024-09-12 14:27:39,135.15
chicken,2024-09-23 13:49:10,244.75
chicken,2024-09-11 04:00:52,415.71
banana,2024-09-21 10:18:22,193.83
banana,2024-09-28 14:38:40,415.04
banana,2024-09-30 06:42:37,53.84
vegetable,2024-09-27 12:54:18,332.42
vegetable,2024-09-02 10:49:44,96.14
banana,2024-09-15 20:26:15,87.11
fish,2024-09-12 18:52:55,334.81
banana,2024-09-24 22:37:58,324.34
fish,2024-09-03 11:10:28,92.33
vegetable,2024-09-02 21:09:49,129.82
rice,2024-09-07 09:34:23,245.74
vegetable,2024-09-21 01:33:21,491.44
vegetable,2024-09-23 07:58:10,452.25
fish,2024-09-07 19:10:45,51.97
rice,2024-09-29 15:23:07,382.6
banana,2024-09-23 18:29:21,473.77
rice,2024-09-18 06:08:01,444.15
vegetable,2024-09-17 17:21:29,362.31
rice,2024-09-16 11:42:28,341.04
banana,2024-09-02 20:43:59,493.04
chicken,2024-09-20 06:09:06,357.22
chicken,2024-09-25 03:12:27,353.04
fish,2024-09-24 07:59:57,344.75
banana,2024-09-10 19:03:42,376.86
rice,2024-09-01 15:57:50,226.22
fish,2024-09-04 08:43:09,234.98
fish,2024-09-18 08:40:57,54.32
fish,2024-09-05 04:18:13,76.24
vegetable,2024-09-22 08:22:00,255.4
rice,2024-09-10 20:22:53,370.98
banana,2024-09-27 07:00:10,166.7
vegetable,2024-09-08 22:00:07,390.89
chicken,2024-09-23 01:09:04,85.49
rice,2024-09-05 12:42:50,59.07
rice,2024-09-16 22:01:46,278.76
banana,2024-09-30 05:50:04,265.35
chicken,2024-09-24 23:04:19,55.73
chicken,2024-09-20 01:12:23,411.65
rice,2024-09-01 10:08:19,470.6
banana,2024-09-22 01:16:03,497.69
chicken,2024-09-02 03:11:58,497.37
chicken,2024-09-27 21:44:14,118.72
vegetable,2024-09-20 12:10:29,416.14
chicken,2024-09-04 17:46:53,179.05
rice,2024-09-06 23:32:57,89.0
rice,2024-09-24 23:06:58,261.07
vegetable,2024-09-19 20:44:00,264.68
banana,2024-09-24 18:13:10,195.47
rice,2024-09-06 04:01:05,460.03
vegetable,2024-09-15 14:12:35,65.51
rice,2024-09-29 18:26:02,186.91
rice,2024-09-29 21:34:40,439.85
chicken,2024-09-01 08:52:17,285.02
rice,2024-09-29 07:03:42,115.36
banana,2024-09-15 02:08:12,478.5
chicken,2024-09-07 16:45:29,498.61
rice,2024-09-21 21:32:42,75.67
banana,2024-09-11 16:54:17,141.23
vegetable,2024-09-29 19:08:08,345.94
chicken,2024-09-28 14:25:33,281.27
banana,2024-09-16 11:41:25,482.9
fish,2024-09-14 02:16:20,226.6
chicken,2024-09-26 01:02:26,407.24
chicken,2024-09-06 05:56:02,493.38
fish,2024-09-09 00:37:23,349.37
vegetable,2024-09-09 03:36:27,154.4
banana,2024-09-04 09:55:07,190.99
banana,2024-09-05 08:51:23,206.6
rice,2024-09-23 14:10:45,224.85
fish,2024-09-23 07:52:47,412.9
banana,2024-09-04 19:42:17,484.19
rice,2024-09-27 00:29:27,97.99
fish,2024-09-24 06:01:12,178.71
rice,2024-09-23 18:07:04,178.97
vegetable,2024-09-27 22:51:01,367.59
chicken,2024-09-25 16:43:49,246.79
chicken,2024-09-14 21:03:08,270.23
chicken,2024-09-28 10:37:58,442.37
rice,2024-09-01 00:21:04,267.91
banana,2024-09-23 12:32:47,126.02
fish,2024-09-16 10:40:00,325.19
fish,2024-09-29 11:52:28,314.17
chicken,2024-09-27 04:08:06,267.2
fish,2024-09-05 20:30:22,385.76
banana,2024-09-01 10:10:15,462.65
vegetable,2024-09-08 09:04:46,158.48
fish,2024-09-17 14:56:51,494.19
chicken,2024-09-03 09:55:29,366.28
chicken,2024-09-19 18:42:26,498.66
vegetable,2024-09-06 13:55:35,203.78
chicken,2024-09-28 23:48:21,477.76
rice,2024-09-11 10:32:21,357.61
vegetable,2024-09-13 23:47:14,61.73
banana,2024-09-30 06:13:10,206.82
rice,2024-09-16 04:09:29,298.82
chicken,2024-09-16 22:02:40,251.93
vegetable,2024-09-20 12:57:10,126.84
vegetable,2024-09-07 04:11:59,264.11
vegetable,2024-09-21 20:26:31,275.31
fish,2024-09-28 12:42:45,454.17
vegetable,2024-09-18 11:00:02,372.26
banana,2024-09-18 16:56:42,472.94
vegetable,2024-09-17 01:19:11,220.53
banana,2024-09-22 04:32:37,267.84
banana,2024-09-10 14:10:23,79.81
banana,2024-09-15 05:18:41,280.27
fish,2024-09-14 12:52:56,146.23
fish,2024-09-28 19:46:05,455.29
banana,2024-09-14 17:04:54,409.93
vegetable,2024-09-03 10:19:05,437.06
fish,2024-09-21 14:36:00,303.55
chicken,2024-09-14 07:31:41,312.75
rice,2024-09-29 08:54:27,478.72
chicken,2024-09-12 11:22:20,466.96
chicken,2024-09-23 13:16:31,262.87
banana,2024-09-17 12:40:46,373.81
rice,2024-09-17 17:35:26,266.06
banana,2024-09-15 14:43:05,321.83
banana,2024-09-25 00:31:32,342.98
banana,2024-09-08 16:02:09,421.71
rice,2024-09-11 12:00:12,344.78
chicken,2024-09-06 04:00:48,439.86
rice,2024-09-29 07:45:19,264.39
chicken,2024-09-30 07:13:53,396.53
fish,2024-09-12 12:49:26,143.04
vegetable,2024-09-23 21:30:24,181.26
banana,2024-09-05 22:12:37,129.81
banana,2024-09-25 12:51:21,417.88
banana,2024-09-19 02:33:47,337.92
vegetable,2024-09-10 12:54:50,68.84
banana,2024-09-16 12:06:07,246.17
rice,2024-09-28 10:21:24,351.95
vegetable,2024-09-22 07:59:24,354.99
chicken,2024-09-06 12:36:22,122.3
fish,2024-09-14 20:04:04,199.93
banana,2024-09-04 01:16:10,314.06
banana,2024-09-29 21:04:39,152.71
rice,2024-09-09 15:15:59,375.39
rice,2024-09-28 04:47:06,436.79
banana,2024-09-06 08:23:46,394.08
rice,2024-09-12 07:14:59,205.72
chicken,2024-09-16 23:33:06,363.3
vegetable,2024-09-15 14:28:36,342.93
rice,2024-09-22 16:09:28,492.95
rice,2024-09-16 11:43:40,437.18
fish,2024-09-13 19:40:20,119.54
rice,2024-09-30 22:54:28,412.08
fish,2024-09-11 22:33:21,486.53
rice,2024-09-18 23:01:51,207.89
chicken,2024-09-15 19:20:01,181.44
vegetable,2024-09-07 17:15:24,476.5
chicken,2024-09-27 15:44:55,462.28
chicken,2024-09-11 22:27:46,298.24
banana,2024-09-13 12:23:33,151.65
vegetable,2024-09-16 00:21:49,360.07
chicken,2024-09-15 02:23:39,123.73
chicken,2024-09-07 11:08:54,68.74
vegetable,2024-09-03 05:03:59,180.01
vegetable,2024-09-18 17:58:11,285.63
vegetable,2024-09-17 09:23:28,160.42
chicken,2024-09-16 17:30:31,418.11
banana,2024-09-01 15:15:52,263.66
vegetable,2024-09-11 03:05:02,73.86
chicken,2024-09-18 10:07:44,153.66
chicken,2024-09-21 21:42:33,233.03
banana,2024-09-04 20:15:35,374.4
fish,2024-09-28 04:07:48,142.33
chicken,2024-09-05 20:16:34,407.72
fish,2024-09-17 23:05:09,136.87
chicken,2024-09-09 08:33:16,341.95
fish,2024-09-04 17:54:05,199.87
rice,2024-09-24 18:01:36,247.54
vegetable,2024-09-28 10:51:12,234.66
vegetable,2024-09-27 06:24:12,93.12
chicken,2024-09-05 16:58:44,202.89
fish,2024-09-03 14:18:15,177.9
rice,2024-09-19 02:31:10,311.83
vegetable,2024-09-07 03:28:15,78.0
chicken,2024-09-09 22:15:05,336.83
vegetable,2024-09-22 12:45:45,91.35
banana,2024-09-02 08:33:48,163.47
chicken,2024-09-11 07:17:06,308.78
vegetable,2024-09-22 04:41:41,377.62
banana,2024-09-21 02:39:21,62.23
fish,2024-09-05 13:18:01,187.47
banana,2024-09-15 15:34:45,363.48
banana,2024-09-27 13:02:25,304.61
fish,2024-09-30 20:34:29,92.17
vegetable,2024-09-20 15:19:31,239.22
chicken,2024-09-07 12:25:00,357.16
banana,2024-09-08 22:19:43,250.28
rice,2024-09-12 06:48:01,386.14
banana,2024-09-12 01:23:09,213.37
chicken,2024-09-21 18:41:25,110.14
rice,2024-09-17 15:11:06,397.15
fish,2024-09-16 14:56:00,88.74
fish,2024-09-21 23:21:23,382.77
banana,2024-09-27 19:04:13,271.83
fish,2024-09-21 09:47:34,290.82
fish,2024-09-13 00:07:10,149.9
rice,2024-09-22 16:40:26,295.58
chicken,2024-09-22 14:38:12,452.94
fish,2024-09-13 22:14:03,198.29
banana,2024-09-30 12:24:04,286.37
vegetable,2024-09-25 09:21:35,129.8
banana,2024-09-08 15:36:55,329.12
rice,2024-09-09 15:59:06,395.07
banana,2024-09-30 19:19:52,239.89
chicken,2024-09-24 17:05:21,113.16
banana,2024-09-13 02:02:40,108.88
rice,2024-09-20 16:17:46,268.04
chicken,2024-09-27 20:38:07,311.25
fish,2024-09-19 11:24:13,140.85
chicken,2024-09-06 15:01:13,228.5
vegetable,2024-09-21 05:35:09,171.26
rice,2024-09-01 12:27:07,318.9
fish,2024-09-11 00:04:26,444.76
vegetable,2024-09-13 21:32:11,444.88
vegetable,2024-09-12 03:16:41,465.05
banana,2024-09-29 14:32:20,443.42
vegetable,2024-09-23 11:25:06,208.73
rice,2024-09-03 07:29:06,332.31
vegetable,2024-09-07 11:37:14,294.87
rice,2024-09-25 09:05:21,212.5
chicken,2024-09-21 06:46:55,195.32
vegetable,2024-09-15 05:25:50,289.84
banana,2024-09-25 14:11:59,139.47
fish,2024-09-29 11:57:17,342.43
vegetable,2024-09-12 14:37:20,240.67
banana,2024-09-10 09:49:53,472.4
chicken,2024-09-30 21:05:14,181.87
fish,2024-09-28 06:30:47,69.5
fish,2024-09-23 17:57:40,451.3
rice,2024-09-03 16:00:33,91.2
fish,2024-09-05 13:01:45,346.81
rice,2024-09-04 16:52:00,192.31
vegetable,2024-09-20 01:24:44,491.47
banana,2024-09-15 02:26:34,218.54
vegetable,2024-09-10 13:10:35,405.58
banana,2024-09-24 02:47:11,495.3
rice,2024-09-13 09:48:34,211.87
chicken,2024-09-11 07:31:51,272.77
rice,2024-09-08 00:05:21,127.06
vegetable,2024-09-14 18:13:18,160.73
fish,2024-09-04 06:08:14,436.2
chicken,2024-09-09 19:00:50,479.39
banana,2024-09-30 03:10:31,462.27
rice,2024-09-22 00:11:24,382.87
chicken,2024-09-02 09:01:53,306.44
vegetable,2024-09-24 13:39:42,229.69
vegetable,2024-09-05 17:43:15,236.1
fish,2024-09-22 07:12:54,386.55
banana,2024-09-18 05:34:57,361.91
banana,2024-09-25 06:32:53,84.16
fish,2024-09-02 09:37:55,185.4
vegetable,2024-09-18 21:41:16,316.54
banana,2024-09-12 08:47:29,252.62
banana,2024-09-27 11:30:11,295.06
rice,2024-09-06 02:02:18,467.93
vegetable,2024-09-18 14:34:07,205.99
vegetable,2024-09-19 19:06:20,131.66
fish,2024-09-30 02:14:27,374.96
banana,2024-09-18 03:21:26,273.82
chicken,2024-09-29 23:31:22,415.22
rice,2024-09-22 19:34:35,91.07
fish,2024-09-09 17:43:46,357.56
banana,2024-09-07 21:46:34,205.35
vegetable,2024-09-20 12:29:28,485.08
rice,2024-09-23 09:13:48,413.12
banana,2024-09-04 14:08:03,376.62
banana,2024-09-01 16:09:11,439.61
fish,2024-09-26 08:09:11,148.73
banana,2024-09-13 09:50:02,458.69
chicken,2024-09-26 20:41:08,356.64
fish,2024-09-05 07:12:42,191.95
fish,2024-09-15 06:20:29,102.08
vegetable,2024-09-24 12:14:29,52.29
rice,2024-09-04 00:10:25,70.09
vegetable,2024-09-09 11:12:56,149.22
rice,2024-09-19 01:33:29,392.71
vegetable,2024-09-11 17:41:57,345.93
banana,2024-09-21 14:48:34,319.83
fish,2024-09-26 08:46:34,150.89
fish,2024-09-25 11:36:56,99.73
vegetable,2024-09-18 11:11:59,223.57
banana,2024-09-20 09:24:44,118.21
vegetable,2024-09-14 07:10:56,250.91
rice,2024-09-08 12:29:14,314.25
banana,2024-09-23 15:25:50,435.34
vegetable,2024-09-02 23:26:14,137.5
banana,2024-09-19 04:59:32,66.53
rice,2024-09-14 10:30:47,498.09
banana,2024-09-13 04:13:48,201.67
banana,2024-09-27 07:04:28,291.02
banana,2024-09-20 02:17:16,133.34
chicken,2024-09-29 13:36:55,432.9
rice,2024-09-14 17:42:35,256.49
fish,2024-09-03 23:42:55,422.11
banana,2024-09-01 02:33:11,452.86
vegetable,2024-09-06 02:45:54,430.41
rice,2024-09-14 09:47:34,427.73
rice,2024-09-02 03:42:08,300.6
chicken,2024-09-02 17:21:45,281.88
rice,2024-09-27 06:44:34,298.73
fish,2024-09-01 10:36:16,225.9
chicken,2024-09-09 16:17:14,391.13
chicken,2024-09-20 13:28:41,89.46
vegetable,2024-09-07 12:24:14,496.73
vegetable,2024-09-17 02:09:13,247.67
vegetable,2024-09-11 18:50:48,392.86
banana,2024-09-07 16:22:36,166.75
banana,2024-09-29 19:33:04,123.26
rice,2024-09-18 03:21:39,310.91
fish,2024-09-20 13:06:46,381.48
chicken,2024-09-02 06:27:12,202.24
vegetable,2024-09-19 00:05:43,429.13
vegetable,2024-09-21 20:16:51,495.25
rice,2024-09-15 21:01:30,249.6
rice,2024-09-03 16:28:07,55.01
rice,2024-09-21 01:37:25,198.61
chicken,2024-09-19 23:49:09,428.12
chicken,2024-09-14 13:07:40,334.68
banana,2024-09-05 15:07:18,288.61
vegetable,2024-09-25 04:02:26,59.93
banana,2024-09-11 05:38:38,268.4
fish,2024-09-02 13:03:40,446.52
chicken,2024-09-16 13:35:10,279.52
rice,2024-09-10 02:10:49,478.47
fish,2024-09-27 03:24:20,394.24
rice,2024-09-06 20:14:22,65.98
chicken,2024-09-16 00:06:50,381.19
chicken,2024-09-05 02:56:26,412.43
rice,2024-09-30 12:01:06,219.61
rice,2024-09-14 18:13:33,445.13
banana,2024-09-14 23:02:20,443.23
banana,2024-09-24 04:16:18,397.79
banana,2024-09-17 21:41:41,127.16
banana,2024-09-22 17:30:48,442.88
vegetable,2024-09-02 21:02:07,456.59
chicken,2024-09-06 17:37:46,252.17
banana,2024-09-12 20:28:03,379.65
chicken,2024-09-06 05:59:49,170.17
banana,2024-09-03 01:46:20,149.89
vegetable,2024-09-19 11:17:42,64.0
rice,2024-09-13 06:59:31,193.29
vegetable,2024-09-12 13:20:19,268.13
fish,2024-09-28 19:31:26,439.93
rice,2024-09-06 16:53:05,337.06
vegetable,2024-09-22 20:52:48,429.83
banana,2024-09-02 09:12:10,397.08
chicken,2024-09-04 02:36:56,173.8
fish,2024-09-17 01:08:11,88.16
fish,2024-09-02 22:27:10,231.14
vegetable,2024-09-08 05:36:48,90.13
fish,2024-09-01 09:39:21,100.62
fish,2024-09-27 19:00:05,57.43
vegetable,2024-09-26 04:25:02,257.8
banana,2024-09-03 11:30:58,58.39
rice,2024-09-27 09:30:11,205.13
chicken,2024-09-08 12:20:09,172.92
vegetable,2024-09-05 10:56:28,145.38
fish,2024-09-07 05:57:56,294.03
rice,2024-09-30 05:06:27,335.23
chicken,2024-09-24 17:21:13,62.34
fish,2024-09-30 17:26:37,77.61
chicken,2024-09-09 19:37:35,395.36
fish,2024-09-19 09:16:35,454.73
chicken,2024-09-04 14:48:09,346.3
fish,2024-09-25 10:02:39,492.37
rice,2024-09-27 04:10:12,360.7
vegetable,2024-09-06 10:41:33,217.28
chicken,2024-09-26 00:32:25,478.27
banana,2024-09-01 22:25:32,473.39
fish,2024-09-28 19:51:44,186.09
fish,2024-09-20 06:27:43,493.35
chicken,2024-09-08 14:52:04,73.48
banana,2024-09-11 18:02:16,275.07
rice,2024-09-28 19:08:57,359.71
chicken,2024-09-12 04:14:14,494.85
banana,2024-09-29 01:54:36,263.79
vegetable,2024-09-06 11:06:09,496.24
fish,2024-09-27 08:28:17,165.3
chicken,2024-09-17 06:07:49,408.21
chicken,2024-09-15 17:19:10,243.88
fish,2024-09-01 23:46:10,243.16
rice,2024-09-14 08:23:58,222.47
chicken,2024-09-24 14:14:51,329.49
banana,2024-09-13 22:06:15,371.68
vegetable,2024-09-05 04:29:03,91.15
rice,2024-09-05 12:50:48,222.09
fish,2024-09-20 20:28:33,68.87
fish,2024-09-30 16:37:32,226.89
rice,2024-09-05 06:18:47,395.08
banana,2024-09-24 00:41:39,467.47
fish,2024-09-18 19:52:44,466.96
rice,2024-09-18 00:04:53,51.62
banana,2024-09-10 14:28:45,419.14
vegetable,2024-09-06 14:16:25,406.92
vegetable,2024-09-29 17:01:39,267.69
fish,2024-09-07 03:36:26,249.16
banana,2024-09-20 23:19:55,419.87
chicken,2024-09-24 10:05:49,209.14
rice,2024-09-05 11:22:57,196.44
banana,2024-09-22 13:51:33,168.39
fish,2024-09-20 02:15:22,381.71
chicken,2024-09-01 14:43:54,215.46
fish,2024-09-15 20:41:10,491.16
banana,2024-09-08 08:48:24,420.39
banana,2024-09-05 15:31:55,109.42
fish,2024-09-22 23:32:30,229.32
banana,2024-09-03 05:31:33,476.31
banana,2024-09-23 15:27:03,481.18
fish,2024-09-14 03:36:23,477.41
banana,2024-09-01 03:22:01,402.41
chicken,2024-09-02 18:17:10,470.42
chicken,2024-09-15 06:42:14,491.45
fish,2024-09-20 09:44:48,238.57
vegetable,2024-09-26 18:44:27,450.09
chicken,2024-09-09 00:21:11,106.05
vegetable,2024-09-19 05:47:15,89.19
chicken,2024-09-23 17:39:42,250.43
banana,2024-09-26 04:03:40,300.14
banana,2024-09-25 19:30:03,364.11
rice,2024-09-06 19:02:10,224.83
vegetable,2024-09-05 04:07:06,296.17
chicken,2024-09-10 14:19:28,221.36
chicken,2024-09-25 01:55:26,432.98
vegetable,2024-09-11 00:42:09,185.74
chicken,2024-09-03 17:55:06,132.28
fish,2024-09-02 07:41:20,455.68
banana,2024-09-01 08:31:37,59.55
rice,2024-09-07 19:12:02,242.63
rice,2024-09-23 17:19:23,196.68
banana,2024-09-10 21:08:18,428.84
banana,2024-09-12 22:38:00,292.52
rice,2024-09-26 17:04:58,262.69
fish,2024-09-14 19:50:05,56.02
vegetable,2024-09-01 09:17:01,347.96
banana,2024-09-27 09:06:46,147.38
banana,2024-09-05 20:14:36,245.36
vegetable,2024-09-07 09:38:32,147.68
banana,2024-09-30 12:19:47,201.0
rice,2024-09-17 09:25:29,120.66
vegetable,2024-09-11 14:14:06,198.5
banana,2024-09-02 19:18:29,274.15
fish,2024-09-12 01:41:58,409.4
rice,2024-09-12 19:47:58,66.98
fish,2024-09-06 05:18:30,410.69
fish,2024-09-08 14:10:14,291.91
rice,2024-09-11 19:12:58,420.34
chicken,2024-09-03 05:51:28,108.75
banana,2024-09-18 02:52:35,477.63
rice,2024-09-02 07:20:22,330.6
fish,2024-09-29 02:12:55,213.4
rice,2024-09-06 06:35:05,258.69
vegetable,2024-09-17 03:17:42,87.68
fish,2024-09-09 00:03:04,87.57
chicken,2024-09-17 23:07:33,138.83
rice,2024-09-22 04:06:00,408.79
chicken,2024-09-01 05:44:56,270.99
chicken,2024-09-28 01:48:38,319.44
rice,2024-09-26 21:21:30,214.41
banana,2024-09-16 05:25:24,211.54
fish,2024-09-12 23:06:04,440.94
banana,2024-09-07 07:11:15,378.77
rice,2024-09-12 09:59:57,229.73
chicken,2024-09-11 10:55:28,166.73
rice,2024-09-27 06:23:57,448.6
chicken,2024-09-25 16:00:05,92.93
vegetable,2024-09-29 06:05:19,271.86
banana,2024-09-29 17:33:38,264.1
fish,2024-09-11 01:45:21,328.89
fish,2024-09-18 15:40:29,301.56
fish,2024-09-04 12:16:48,208.07
fish,2024-09-09 04:40:59,438.05
fish,2024-09-09 17:14:15,298.62
banana,2024-09-16 01:40:02,273.58
banana,2024-09-18 05:51:36,266.01
fish,2024-09-29 18:42:16,175.04
vegetable,2024-09-14 03:45:07,342.58
fish,2024-09-05 13:46:42,164.41
rice,2024-09-23 18:13:57,345.17
banana,2024-09-10 02:05:50,114.56
fish,2024-09-10 23:29:45,180.45
vegetable,2024-09-01 07:15:41,147.23
banana,2024-09-16 18:40:31,154.18
vegetable,2024-09-17 01:31:05,298.59
rice,2024-09-11 22:17:32,161.71
vegetable,2024-09-09 19:02:01,275.65
chicken,2024-09-24 11:03:10,358.25
rice,2024-09-04 12:26:21,412.94
banana,2024-09-26 18:33:42,395.21
fish,2024-09-21 06:26:00,283.31
rice,2024-09-01 09:24:41,99.84
rice,2024-09-28 17:52:55,181.11
rice,2024-09-02 13:32:59,187.55
chicken,2024-09-27 00:21:09,206.15
fish,2024-09-19 01:55:02,433.86
banana,2024-09-11 00:25:22,400.06
vegetable,2024-09-14 03:04:17,493.62
banana,2024-09-26 11:21:34,422.02
rice,2024-09-18 08:19:13,91.67
chicken,2024-09-12 04:29:16,158.46
vegetable,2024-09-29 09:17:09,485.87
chicken,2024-09-15 07:17:33,351.98
vegetable,2024-09-03 18:30:41,119.58
banana,2024-09-18 00:27:48,264.37
vegetable,2024-09-17 17:18:59,393.48
banana,2024-09-19 15:59:22,118.74
rice,2024-09-18 17:35:05,412.95
banana,2024-09-17 23:02:47,378.13
fish,2024-09-29 12:11:06,51.97
rice,2024-09-03 22:50:45,136.35
chicken,2024-09-27 21:50:17,248.47
fish,2024-09-12 00:07:16,369.8
banana,2024-09-12 07:40:11,218.8
rice,2024-09-07 13:31:33,292.84
banana,2024-09-11 00:29:27,277.83
fish,2024-09-23 06:14:21,343.44
fish,2024-09-15 22:23:57,447.44
chicken,2024-09-26 04:44:51,232.26
fish,2024-09-29 01:42:23,181.75
chicken,2024-09-28 18:00:03,275.69
rice,2024-09-05 07:05:18,320.09
banana,2024-09-11 20:01:30,252.19
vegetable,2024-09-05 11:17:25,183.34
fish,2024-09-28 23:35:29,443.88
fish,2024-09-16 14:39:45,134.08
rice,2024-09-13 21:35:07,410.2
fish,2024-09-29 10:03:44,302.34
vegetable,2024-09-20 17:58:49,159.15
fish,2024-09-09 12:30:30,257.44
chicken,2024-09-10 11:27:34,340.48
vegetable,2024-09-23 13:45:03,331.74
vegetable,2024-09-22 04:54:29,397.28
chicken,2024-09-01 02:35:53,160.0
vegetable,2024-09-03 14:16:47,447.34
rice,2024-09-11 13:59:25,295.43
vegetable,2024-09-03 15:58:35,208.85
chicken,2024-09-30 16:27:10,56.81
banana,2024-09-19 12:50:23,210.77
chicken,2024-09-24 11:31:54,168.54
rice,2024-09-17 04:04:08,210.53
vegetable,2024-09-23 18:25:52,109.6
vegetable,2024-09-27 02:51:07,479.46
fish,2024-09-17 06:34:23,430.97
chicken,2024-09-13 16:52:03,473.21
vegetable,2024-09-16 17:28:27,495.35
banana,2024-09-11 07:56:38,74.34
chicken,2024-09-21 23:13:29,484.55
fish,2024-09-02 09:47:37,187.03
fish,2024-09-03 21:16:05,136.21
rice,2024-09-13 11:14:49,453.28
rice,2024-09-03 05:36:31,365.0
fish,2024-09-03 07:16:05,424.97
banana,2024-09-30 11:23:37,237.28
chicken,2024-09-04 17:59:39,174.76
rice,2024-09-11 22:00:58,493.68
vegetable,2024-09-03 06:43:52,175.7
vegetable,2024-09-09 14:14:43,418.4
banana,2024-09-06 21:48:24,427.58
rice,2024-09-27 02:45:59,195.44
chicken,2024-09-12 00:04:25,93.54
banana,2024-09-26 11:27:11,332.47
vegetable,2024-09-19 10:15:49,272.64
fish,2024-09-18 20:50:47,413.62
fish,2024-09-18 07:29:19,214.29
chicken,2024-09-01 00:46:46,212.39
banana,2024-09-18 15:17:22,319.69
chicken,2024-09-30 00:50:40,421.14
fish,2024-09-24 03:19:48,350.23
banana,2024-09-05 17:39:38,89.58
fish,2024-09-23 06:34:02,413.94
banana,2024-09-01 17:45:16,323.59
rice,2024-09-24 09:30:13,335.85
fish,2024-09-19 14:35:21,222.12
banana,2024-09-14 05:29:43,426.33
banana,2024-09-24 02:09:22,62.42
banana,2024-09-24 22:31:52,354.69
banana,2024-09-15 14:47:08,264.44
vegetable,2024-09-24 22:01:07,140.47
fish,2024-09-15 02:57:47,229.89
rice,2024-09-15 04:54:12,186.97
banana,2024-09-06 15:03:03,447.3
vegetable,2024-09-20 08:36:05,97.92
rice,2024-09-21 07:57:16,192.6
chicken,2024-09-20 00:38:13,341.21
chicken,2024-09-14 20:31:23,392.2
banana,2024-09-10 03:16:29,206.32
chicken,2024-09-26 05:35:06,101.38
banana,2024-09-04 02:30:25,59.09
rice,2024-09-03 09:25:50,170.12
vegetable,2024-09-11 04:37:36,95.48
banana,2024-09-26 17:25:38,347.53
rice,2024-09-12 22:38:03,382.23
vegetable,2024-09-23 02:19:58,314.31
chicken,2024-09-13 23:10:30,307.44
banana,2024-09-24 15:13:16,146.05
chicken,2024-09-24 06:55:50,119.21
chicken,2024-09-27 11:48:02,309.29
fish,2024-09-06 20:27:04,286.57
fish,2024-09-30 00:48:25,349.29
fish,2024-09-05 11:15:39,271.44
chicken,2024-09-30 07:43:27,163.03
chicken,2024-09-19 19:08:46,349.97
rice,2024-09-27 10:19:09,430.17
fish,2024-09-24 08:48:27,402.48
vegetable,2024-09-20 04:14:30,443.4
rice,2024-09-23 06:55:23,178.95
rice,2024-09-24 06:42:08,276.67
vegetable,2024-09-21 10:25:50,476.23
rice,2024-09-25 03:51:04,260.54
vegetable,2024-09-17 22:30:08,430.46
banana,2024-09-18 22:45:27,228.62
vegetable,2024-09-01 01:24:16,221.78
banana,2024-09-11 13:11:54,87.55
rice,2024-09-05 06:25:24,235.8
banana,2024-09-05 08:20:30,379.42
rice,2024-09-12 04:59:38,418.63
fish,2024-09-22 19:58:37,415.88
chicken,2024-09-20 18:25:02,441.36
fish,2024-09-26 14:05:14,125.77
banana,2024-09-14 08:39:31,203.82
banana,2024-09-20 14:46:13,120.0
fish,2024-09-30 15:49:13,449.31
banana,2024-09-02 05:24:18,416.46
fish,2024-09-08 02:36:01,408.87
vegetable,2024-09-18 13:11:16,113.04
rice,2024-09-09 23:19:26,75.21
chicken,2024-09-19 13:57:45,453.63
banana,2024-09-07 00:36:25,150.06
banana,2024-09-06 05:57:55,331.43
banana,2024-09-01 17:59:20,349.19
banana,2024-09-17 20:18:05,137.85
rice,2024-09-10 14:58:47,352.81
chicken,2024-09-06 12:04:36,434.44
vegetable,2024-09-10 12:13:41,278.94
chicken,2024-09-16 16:16:28,350.48
vegetable,2024-09-22 14:52:15,269.88
vegetable,2024-09-04 15:49:16,291.36
chicken,2024-09-21 08:20:02,206.87
banana,2024-09-27 21:52:14,212.03
rice,2024-09-17 01:53:59,394.99
banana,2024-09-03 18:05:31,51.29
chicken,2024-09-30 20:26:51,390.8
vegetable,2024-09-05 16:25:21,373.79
vegetable,2024-09-26 15:44:14,106.08
fish,2024-09-06 15:44:10,309.06
vegetable,2024-09-26 23:53:48,223.0
rice,2024-09-04 07:04:17,442.47
fish,2024-09-21 14:10:54,183.43
fish,2024-09-17 12:56:34,406.8
vegetable,2024-09-21 16:10:52,407.16
chicken,2024-09-20 06:24:23,341.92
banana,2024-09-11 09:36:42,409.61
rice,2024-09-20 02:41:02,477.74
banana,2024-09-23 03:24:15,77.67
vegetable,2024-09-19 17:17:01,91.17
rice,2024-09-14 21:53:54,98.06
fish,2024-09-12 04:36:29,499.55
fish,2024-09-20 04:56:25,140.37
vegetable,2024-09-26 21:47:03,358.19
rice,2024-09-21 19:58:59,161.5
vegetable,2024-09-14 20:01:54,430.77
rice,2024-09-01 02:33:01,212.49
banana,2024-09-10 01:34:58,477.56
vegetable,2024-09-22 13:47:17,448.28
banana,2024-09-27 06:56:24,337.69
rice,2024-09-15 14:54:13,103.16
banana,2024-09-16 23:57:47,146.93
fish,2024-09-27 02:30:44,480.31
banana,2024-09-01 15:16:35,200.25
chicken,2024-09-12 18:28:45,57.12
banana,2024-09-16 18:00:12,154.68
chicken,2024-09-15 04:32:20,276.14
rice,2024-09-20 01:29:20,229.4
chicken,2024-09-11 07:27:12,275.83
vegetable,2024-09-14 14:44:13,385.72
vegetable,2024-09-12 06:34:47,75.9
banana,2024-09-16 20:27:40,274.67
fish,2024-09-08 21:31:42,380.42
rice,2024-09-12 11:18:00,279.68
rice,2024-09-21 23:36:30,145.53
fish,2024-09-28 06:48:38,141.59
chicken,2024-09-25 23:39:06,494.45
banana,2024-09-13 11:21:00,222.52
banana,2024-09-14 07:53:29,114.57
chicken,2024-09-05 11:00:39,85.36
rice,2024-09-17 20:49:27,191.2
banana,2024-09-17 20:23:40,259.01
chicken,2024-09-29 09:12:23,478.53
fish,2024-09-22 14:49:44,285.78
chicken,2024-09-10 22:20:54,284.29
fish,2024-09-27 20:33:23,231.65
fish,2024-09-02 23:41:50,353.69
chicken,2024-09-30 16:47:44,94.29
vegetable,2024-09-23 17:20:15,469.94
fish,2024-09-13 12:02:28,247.21
vegetable,2024-09-20 16:56:55,55.87
banana,2024-09-17 12:12:03,303.13
banana,2024-09-04 08:25:15,117.34
rice,2024-09-06 11:18:00,372.95
rice,2024-09-14 14:46:18,254.01
chicken,2024-09-25 08:22:35,442.55
rice,2024-09-28 23:19:07,321.39
banana,2024-09-03 15:40:02,472.16
banana,2024-09-18 19:53:15,166.5
fish,2024-09-07 18:08:30,374.2
rice,2024-09-19 14:55:57,443.78
banana,2024-09-05 21:10:31,337.44
rice,2024-09-04 11:22:58,65.26
banana,2024-09-04 14:45:02,190.47
chicken,2024-09-18 03:42:50,101.03
banana,2024-09-20 13:02:59,234.35
fish,2024-09-26 19:11:52,482.44
banana,2024-09-21 04:51:47,294.05
vegetable,2024-09-24 22:45:34,85.96
chicken,2024-09-30 04:39:27,305.99
banana,2024-09-14 14:33:40,498.72
banana,2024-09-21 11:17:31,189.81
banana,2024-09-20 14:57:10,193.47
chicken,2024-09-27 06:25:27,61.5
rice,2024-09-28 19:51:39,372.24
rice,2024-09-06 22:05:45,322.43
chicken,2024-09-11 01:02:01,416.05
rice,2024-09-27 05:46:58,314.71
vegetable,2024-09-23 23:06:02,318.6
rice,2024-09-20 23:39:09,310.6
fish,2024-09-05 22:15:29,207.5
fish,2024-09-12 14:07:58,415.4
fish,2024-09-20 02:18:00,90.96
banana,2024-09-15 15:57:30,291.59
fish,2024-09-09 04:54:15,80.69
banana,2024-09-12 00:35:18,87.74
chicken,2024-09-20 21:05:01,225.51
vegetable,2024-09-03 23:04:26,299.65
vegetable,2024-09-09 15:14:39,86.26
rice,2024-09-04 02:04:39,107.87
banana,2024-09-18 09:47:13,473.27
rice,2024-09-25 15:16:49,221.15
fish,2024-09-01 17:18:23,142.07
banana,2024-09-29 01:21:49,187.57
rice,2024-09-28 17:59:02,313.64
fish,2024-09-09 16:37:37,91.8
rice,2024-09-21 18:39:32,457.1
fish,2024-09-23 14:28:14,91.76
chicken,2024-09-27 09:13:40,402.66
fish,2024-09-08 16:49:27,127.04
chicken,2024-09-20 00:00:25,380.91
rice,2024-09-12 01:41:46,359.16
vegetable,2024-09-13 03:43:24,364.42
rice,2024-09-17 14:46:58,316.16
fish,2024-09-17 03:10:08,50.66
vegetable,2024-09-22 16:29:57,324.86
banana,2024-09-20 00:58:58,83.72
rice,2024-09-16 01:43:06,179.08
rice,2024-09-18 02:53:08,127.29
banana,2024-09-25 19:41:26,193.28
fish,2024-09-17 04:53:05,309.75
rice,2024-09-13 00:01:58,467.6
fish,2024-09-14 16:03:54,436.77
banana,2024-09-29 18:46:28,242.65
banana,2024-09-13 13:13:40,499.18
chicken,2024-09-21 08:28:33,216.32
chicken,2024-09-18 15:51:22,156.2
vegetable,2024-09-04 08:19:58,322.83
rice,2024-09-20 16:09:48,63.75
chicken,2024-09-08 15:35:40,398.22
banana,2024-09-28 13:25:16,476.4
rice,2024-09-02 11:22:56,208.58
vegetable,2024-09-25 02:22:56,310.89
chicken,2024-09-15 05:50:27,148.96
chicken,2024-09-07 12:27:38,472.2
chicken,2024-09-24 04:05:48,497.11
banana,2024-09-30 16:06:37,428.48
vegetable,2024-09-16 01:50:24,359.14
rice,2024-09-18 08:01:57,72.71
fish,2024-09-11 16:23:56,445.88
rice,2024-09-22 18:03:26,283.45
chicken,2024-09-10 07:40:05,172.66
banana,2024-09-23 09:50:02,361.66
rice,2024-09-09 14:09:30,331.48
chicken,2024-09-27 01:26:01,274.93
vegetable,2024-09-22 09:06:26,227.7
vegetable,2024-09-02 07:18:26,236.93
fish,2024-09-27 07:16:22,435.93
chicken,2024-09-12 04:02:58,82.63
banana,2024-09-22 03:51:43,345.31
rice,2024-09-12 03:20:39,94.32
vegetable,2024-09-05 06:04:53,385.71
chicken,2024-09-04 16:21:47,424.28
banana,2024-09-09 11:18:38,220.86
rice,2024-09-18 16:29:57,174.49
vegetable,2024-09-03 05:08:10,344.72
banana,2024-09-04 07:33:12,111.9
fish,2024-09-19 09:04:15,231.85
vegetable,2024-09-27 02:41:36,409.39
vegetable,2024-09-01 02:47:56,367.1
vegetable,2024-09-22 10:41:57,194.43
vegetable,2024-09-15 04:09:02,149.35
rice,2024-09-20 04:49:20,154.73
chicken,2024-09-01 05:29:51,269.34
rice,2024-09-04 11:32:40,470.1
chicken,2024-09-29 07:16:21,245.12
vegetable,2024-09-21 21:04:40,428.38
rice,2024-09-18 05:50:35,269.64
rice,2024-09-13 22:28:24,404.31
fish,2024-09-04 04:52:56,484.91
chicken,2024-09-27 03:56:01,463.77
fish,2024-09-22 09:19:41,171.26
banana,2024-09-07 08:29:56,171.76
banana,2024-09-24 19:14:43,455.19
chicken,2024-09-05 04:40:56,368.31
rice,2024-09-28 15:24:47,363.41
fish,2024-09-04 19:14:57,460.98
rice,2024-09-03 20:43:22,221.7
banana,2024-09-19 12:18:39,126.57
banana,2024-09-30 02:17:50,113.89
fish,2024-09-25 19:14:30,55.37
banana,2024-09-13 03:11:50,478.34
chicken,2024-09-18 01:32:58,204.7
chicken,2024-09-19 17:12:16,453.91
banana,2024-09-16 04:47:58,131.39
rice,2024-09-13 18:29:32,52.08
vegetable,2024-09-14 20:36:17,53.89
vegetable,2024-09-13 15:37:56,489.51
banana,2024-09-03 14:17:29,434.98
chicken,2024-09-01 14:26:06,301.56
fish,2024-09-17 12:36:06,319.61
rice,2024-09-26 11:24:55,455.28
fish,2024-09-12 16:16:26,125.13
chicken,2024-09-01 21:08:16,195.72
chicken,2024-09-17 23:10:32,478.52
fish,2024-09-03 10:16:43,149.16
chicken,2024-09-22 12:25:01,230.8
rice,2024-09-03 03:44:55,349.38
rice,2024-09-25 13:10:09,71.34
rice,2024-09-24 22:35:18,88.51
chicken,2024-09-26 02:47:52,277.17
banana,2024-09-29 09:20:32,341.0
banana,2024-09-29 21:07:31,491.05
chicken,2024-09-29 08:18:57,234.43
fish,2024-09-04 19:02:58,122.81
chicken,2024-09-16 17:13:14,363.47
chicken,2024-09-18 01:27:44,136.41
banana,2024-09-21 22:34:06,97.49
fish,2024-09-24 13:28:13,408.85
banana,2024-09-20 08:29:34,188.83
vegetable,2024-09-01 11:34:53,382.14
chicken,2024-09-08 10:24:44,446.85
vegetable,2024-09-12 08:14:31,189.63
fish,2024-09-14 14:49:28,236.3
vegetable,2024-09-23 00:38:10,130.78
vegetable,2024-09-02 20:54:31,104.55
banana,2024-09-23 14:47:59,462.04
banana,2024-09-16 11:46:57,180.58
vegetable,2024-09-29 22:17:48,453.29
vegetable,2024-09-25 20:33:07,361.35
rice,2024-09-06 23:27:53,118.95
chicken,2024-09-27 04:14:22,319.38
fish,2024-09-16 09:17:17,79.39
fish,2024-09-17 05:49:04,56.07
chicken,2024-09-25 18:27:09,344.71
rice,2024-09-16 11:14:30,345.53
banana,2024-09-03 09:54:36,340.59
vegetable,2024-09-09 04:14:24,467.2
banana,2024-09-22 09:02:50,310.9
rice,2024-09-25 17:00:46,457.07
banana,2024-09-15 01:20:21,125.92
fish,2024-09-24 14:38:49,91.3
banana,2024-09-26 08:31:38,288.76
fish,2024-09-12 07:55:48,257.73
chicken,2024-09-26 21:17:54,103.11
banana,2024-09-24 03:13:31,435.17
banana,2024-09-15 07:06:51,309.35
fish,2024-09-07 10:02:18,227.65
chicken,2024-09-08 07:25:49,418.33
banana,2024-09-19 07:43:10,329.29
banana,2024-09-20 04:15:52,215.7
rice,2024-09-07 16:16:45,264.09
rice,2024-09-15 10:09:11,132.78
rice,2024-09-06 22:59:38,123.08
fish,2024-09-09 19:27:53,121.29
banana,2024-09-14 22:02:41,220.37
fish,2024-09-27 17:36:34,356.1
vegetable,2024-09-02 07:06:16,341.98
rice,2024-09-06 11:05:05,144.0
rice,2024-09-07 03:08:58,364.95
rice,2024-09-21 11:33:34,485.67
fish,2024-09-28 17:19:32,418.98
vegetable,2024-09-17 01:45:02,398.88
banana,2024-09-14 02:12:35,281.97
rice,2024-09-15 22:39:47,242.18
vegetable,2024-09-21 02:32:31,214.03
rice,2024-09-12 22:01:50,236.59
vegetable,2024-09-30 16:02:25,159.72
fish,2024-09-09 21:13:33,110.13
vegetable,2024-09-24 22:07:27,372.03
fish,2024-09-25 22:03:04,270.8
fish,2024-09-30 22:19:38,310.09
banana,2024-09-14 03:10:23,449.68
fish,2024-09-27 03:19:23,51.91
vegetable,2024-09-16 21:12:43,332.76
fish,2024-09-11 11:41:13,167.07
vegetable,2024-09-07 06:41:14,185.09
rice,2024-09-06 17:44:16,88.72
vegetable,2024-09-27 11:39:04,260.82
banana,2024-09-26 22:22:12,265.05
fish,2024-09-07 16:28:12,171.13
banana,2024-09-26 09:59:41,209.15
fish,2024-09-13 08:06:59,374.88
vegetable,2024-09-12 22:17:42,249.75
banana,2024-09-27 23:22:51,118.12
chicken,2024-09-30 00:48:33,494.85
banana,2024-09-29 19:18:45,406.96
banana,2024-09-05 18:27:58,419.72
banana,2024-09-02 10:06:42,421.3
chicken,2024-09-01 12:19:37,109.82
vegetable,2024-09-01 00:57:22,452.29
chicken,2024-09-07 19:53:40,234.02
chicken,2024-09-24 00:54:10,471.98
chicken,2024-09-14 02:59:28,243.17
fish,2024-09-12 16:17:07,429.71
vegetable,2024-09-11 19:40:10,307.52
fish,2024-09-20 04:19:45,268.17
vegetable,2024-09-06 03:02:07,455.8
vegetable,2024-09-12 06:00:39,201.22
banana,2024-09-07 18:37:37,410.42
chicken,2024-09-14 19:49:54,172.32
banana,2024-09-28 03:45:26,436.54
chicken,2024-09-06 19:35:41,305.2
rice,2024-09-07 18:54:47,389.7
chicken,2024-09-27 15:15:37,120.01
vegetable,2024-09-21 16:26:26,237.49
fish,2024-09-28 23:01:11,378.46
rice,2024-09-30 00:11:31,365.06
chicken,2024-09-21 06:53:28,312.46
vegetable,2024-09-03 13:12:00,480.55
fish,2024-09-13 15:20:42,350.73
banana,2024-09-29 08:23:35,229.35
vegetable,2024-09-12 06:26:19,324.57
chicken,2024-09-14 06:32:11,287.67
vegetable,2024-09-30 20:54:09,110.66
vegetable,2024-09-01 23:33:24,350.26
chicken,2024-09-13 18:59:29,308.2
vegetable,2024-09-26 02:27:13,361.3
rice,2024-09-12 20:56:51,258.49
chicken,2024-09-24 06:49:46,397.47
chicken,2024-09-23 09:58:27,423.58
vegetable,2024-09-16 17:17:11,269.11
rice,2024-09-17 02:34:45,248.81
rice,2024-09-27 13:16:20,71.76
chicken,2024-09-12 05:56:25,93.04
vegetable,2024-09-17 14:22:57,301.83
rice,2024-09-11 12:28:05,412.69
banana,2024-09-06 04:03:31,485.84
banana,2024-09-10 04:07:50,118.13
fish,2024-09-05 05:40:41,417.73
fish,2024-09-18 23:05:46,457.65
rice,2024-09-25 02:16:27,482.53
chicken,2024-09-21 01:32:02,308.52
fish,2024-09-09 00:22:36,354.01
rice,2024-09-21 10:41:39,404.32
vegetable,2024-09-29 17:55:25,139.29
rice,2024-09-07 23:49:14,132.72
rice,2024-09-27 07:03:39,182.33
vegetable,2024-09-11 19:24:12,248.32
vegetable,2024-09-24 01:10:38,226.59
chicken,2024-09-09 06:30:10,287.24
chicken,2024-09-10 02:03:27,185.71
fish,2024-09-30 15:41:12,308.44
rice,2024-09-13 06:16:20,204.89
fish,2024-09-12 09:29:26,444.83
banana,2024-09-21 06:09:33,401.24
banana,2024-09-09 06:37:49,453.78
rice,2024-09-07 13:56:48,58.42
chicken,2024-09-28 23:14:38,466.94
vegetable,2024-09-15 16:48:58,108.97
banana,2024-09-06 15:45:30,172.78
chicken,2024-09-21 21:06:12,78.96
vegetable,2024-09-27 05:30:11,281.9
banana,2024-09-04 23:52:50,494.11
chicken,2024-09-21 13:55:15,70.02
vegetable,2024-09-13 14:19:31,411.29
rice,2024-09-08 10:58:08,72.5
rice,2024-09-23 12:05:44,241.26
vegetable,2024-09-18 13:56:14,174.34
fish,2024-09-23 12:56:02,315.29
banana,2024-09-07 01:23:24,163.11
banana,2024-09-24 08:25:26,243.08
chicken,2024-09-04 19:40:10,482.41
banana,2024-09-21 05:14:53,407.58
banana,2024-09-27 04:47:52,315.06
chicken,2024-09-18 10:23:31,436.52
chicken,2024-09-29 23:54:07,84.11
vegetable,2024-09-27 15:18:34,402.86
banana,2024-09-25 12:44:53,155.24
fish,2024-09-29 20:30:23,215.79
rice,2024-09-11 07:58:20,420.74
fish,2024-09-21 05:45:10,50.45
banana,2024-09-23 13:38:00,77.86
fish,2024-09-26 02:41:08,340.03
vegetable,2024-09-20 23:00:28,284.07
vegetable,2024-09-14 21:58:33,304.84
rice,2024-09-12 04:55:14,333.74
banana,2024-09-24 23:33:47,285.5
banana,2024-09-24 19:35:36,223.1
chicken,2024-09-22 16:52:03,352.0
vegetable,2024-09-29 14:29:23,173.23
fish,2024-09-04 21:04:52,235.84
vegetable,2024-09-14 19:57:18,88.41
vegetable,2024-09-06 12:08:54,436.55
vegetable,2024-09-11 10:46:55,128.08
vegetable,2024-09-09 14:25:23,220.43
fish,2024-09-08 22:50:17,374.83
vegetable,2024-09-01 06:55:56,236.6
chicken,2024-09-13 19:18:12,361.22
rice,2024-09-18 22:07:13,418.92
banana,2024-09-27 06:18:35,112.3
chicken,2024-09-22 19:31:47,60.85
fish,2024-09-13 23:56:21,231.71
fish,2024-09-04 14:59:05,177.69
rice,2024-09-25 14:05:23,285.21
fish,2024-09-18 00:52:46,273.32
fish,2024-09-30 20:26:24,141.57
rice,2024-09-25 01:25:17,346.25
vegetable,2024-09-03 06:52:35,93.34
vegetable,2024-09-01 20:37:14,378.5
chicken,2024-09-19 06:17:02,346.16
chicken,2024-09-08 07:12:12,345.89
fish,2024-09-12 08:30:56,270.69
rice,2024-09-01 09:16:50,488.66
banana,2024-09-30 11:00:09,62.07
vegetable,2024-09-20 01:42:07,281.68
vegetable,2024-09-24 02:15:55,266.95
rice,2024-09-07 21:44:08,462.53
vegetable,2024-09-06 14:02:14,425.22
vegetable,2024-09-29 12:43:35,470.21
fish,2024-09-15 02:51:22,212.32
fish,2024-09-19 22:36:03,185.66
banana,2024-09-05 13:29:55,227.24
banana,2024-09-28 04:31:36,111.36
fish,2024-09-21 20:26:13,354.11
vegetable,2024-09-09 10:24:34,464.78
banana,2024-09-02 16:16:55,274.02
rice,2024-09-22 01:48:16,215.47
rice,2024-09-23 10:25:08,398.09
chicken,2024-09-26 21:09:55,167.59
banana,2024-09-16 13:16:16,336.9
fish,2024-09-07 16:21:56,288.82
chicken,2024-09-18 06:25:19,99.68
chicken,2024-09-18 00:24:22,106.12
fish,2024-09-24 14:19:28,252.7
chicken,2024-09-05 19:15:36,258.63
fish,2024-09-30 13:00:31,211.56
rice,2024-09-25 10:42:28,76.98
banana,2024-09-13 00:59:37,138.1
vegetable,2024-09-08 01:26:47,360.74
banana,2024-09-16 00:20:40,227.58
banana,2024-09-11 22:43:40,257.95
fish,2024-09-19 12:42:31,284.96
vegetable,2024-09-01 20:19:52,491.07
fish,2024-09-19 21:55:34,397.78
vegetable,2024-09-17 18:09:24,360.48
chicken,2024-09-29 06:41:02,460.37
banana,2024-09-15 05:23:07,306.28
vegetable,2024-09-08 02:47:49,424.21
fish,2024-09-21 21:54:10,290.8
rice,2024-09-24 03:07:51,140.8
rice,2024-09-05 21:19:41,381.51
chicken,2024-09-26 06:28:13,391.27
fish,2024-09-07 17:53:40,489.95
rice,2024-09-19 06:13:24,132.76
fish,2024-09-17 01:37:32,486.8
fish,2024-09-07 11:30:13,255.2
fish,2024-09-03 13:51:40,321.22
vegetable,2024-09-21 22:56:54,199.89
fish,2024-09-05 07:17:58,380.39
banana,2024-09-11 07:39:32,373.43
chicken,2024-09-04 11:39:21,130.9
vegetable,2024-09-17 12:58:52,242.65
rice,2024-09-23 11:15:52,145.17
vegetable,2024-09-09 21:34:38,126.58
fish,2024-09-02 23:40:26,132.01
banana,2024-09-23 03:44:39,130.08
banana,2024-09-03 09:52:40,341.78
chicken,2024-09-02 05:03:51,406.72
chicken,2024-09-28 22:41:33,436.36
rice,2024-09-11 05:14:24,209.78
chicken,2024-09-10 00:56:19,450.39
vegetable,2024-09-09 23:27:34,125.11
rice,2024-09-13 17:50:34,236.73
banana,2024-09-23 11:13:41,182.89
banana,2024-09-07 15:43:17,184.15
banana,2024-09-26 08:48:28,396.12
chicken,2024-09-14 03:13:35,312.97
rice,2024-09-03 01:11:58,396.12
rice,2024-09-12 01:54:40,132.4
banana,2024-09-21 02:24:58,285.81
rice,2024-09-07 02:41:10,69.79
chicken,2024-09-04 03:05:15,407.13
fish,2024-09-09 14:52:03,224.25
rice,2024-09-10 11:36:25,317.21
rice,2024-09-29 04:20:44,84.62
rice,2024-09-13 18:03:38,419.66
vegetable,2024-09-16 06:28:17,350.83
vegetable,2024-09-12 12:13:08,152.51
chicken,2024-09-21 15:40:30,226.34
fish,2024-09-04 19:58:00,365.2
rice,2024-09-13 07:47:51,483.16
chicken,2024-09-05 00:00:43,162.43
rice,2024-09-19 08:30:44,219.06
rice,2024-09-19 16:15:37,344.84
rice,2024-09-21 07:14:06,229.06
chicken,2024-09-12 19:47:38,332.61
rice,2024-09-27 23:03:10,114.44
chicken,2024-09-02 17:01:20,211.92
banana,2024-09-11 14:17:57,277.69
fish,2024-09-23 09:40:52,173.31
fish,2024-09-28 01:07:48,252.07
banana,2024-09-26 02:23:05,177.06
rice,2024-09-02 04:37:37,71.34
chicken,2024-09-10 16:11:32,448.79
fish,2024-09-27 23:02:27,308.13
chicken,2024-09-05 00:40:10,438.17
banana,2024-09-28 19:19:44,53.87
chicken,2024-09-18 02:54:12,72.75
banana,2024-09-16 06:24:18,90.58
chicken,2024-09-11 02:17:15,299.04
rice,2024-09-10 23:43:39,418.22
banana,2024-09-23 04:29:20,490.18
chicken,2024-09-03 01:10:53,213.24
chicken,2024-09-09 13:07:06,475.98
banana,2024-09-09 11:06:21,406.51
banana,2024-09-30 12:17:14,99.32
chicken,2024-09-18 03:44:13,278.54
